{
  "name": "emacs",
  "description": "Installs emacs",
  "long_description": "",
  "maintainer": "Opscode, Inc.",
  "maintainer_email": "cookbooks@opscode.com",
  "license": "Apache 2.0",
  "platforms": {
    "ubuntu": ">= 0.0.0",
    "debian": ">= 0.0.0",
    "redhat": ">= 0.0.0",
    "centos": ">= 0.0.0",
    "scientific": ">= 0.0.0",
    "fedora": ">= 0.0.0",
    "freebsd": ">= 0.0.0"
  },
  "dependencies": {
  },
  "recommendations": {
  },
  "suggestions": {
  },
  "conflicting": {
  },
  "providing": {
  },
  "replacing": {
  },
  "attributes": {
  },
  "groupings": {
  },
  "recipes": {
    "emacs": "Installs Emacs"
  },
  "version": "0.8.2"
}