{
  "name": "xfs",
  "description": "Installs packages for working with XFS",
  "long_description": "Description\n====\n\nInstalls packages for working with XFS filesystems.\n\nRequirements\n====\n\nTested on Ubuntu 10.04, CentOS 5.5 and Scientific Linux 6.0.\n\nShould work on any Debian or Red Hat family Linux distributions that\nhave the xfs packages in a default repository.\n\nLicense and Author\n====\n\nAuthor:: Joshua Timberman (<joshua@opscode.com>)\nCopyright:: 2009-2011, Opscode, Inc.\n\nLicensed under the Apache License, Version 2.0 (the \"License\");\nyou may not use this file except in compliance with the License.\nYou may obtain a copy of the License at\n\n    http://www.apache.org/licenses/LICENSE-2.0\n\nUnless required by applicable law or agreed to in writing, software\ndistributed under the License is distributed on an \"AS IS\" BASIS,\nWITHOUT WARRANTIES OR CONDITIONS OF ANY KIND, either express or implied.\nSee the License for the specific language governing permissions and\nlimitations under the License.\n",
  "maintainer": "Opscode, Inc.",
  "maintainer_email": "cookbooks@opscode.com",
  "license": "Apache 2.0",
  "platforms": {
    "debian": ">= 0.0.0",
    "ubuntu": ">= 0.0.0"
  },
  "dependencies": {
  },
  "recommendations": {
  },
  "suggestions": {
  },
  "conflicting": {
  },
  "providing": {
  },
  "replacing": {
  },
  "attributes": {
  },
  "groupings": {
  },
  "recipes": {
    "xfs": "Installs packages for working with XFS"
  },
  "version": "1.0.0"
}