{
  "name": "build-essential",
  "description": "Installs C compiler / build tools",
  "long_description": "",
  "maintainer": "Opscode, Inc.",
  "maintainer_email": "cookbooks@opscode.com",
  "license": "Apache 2.0",
  "platforms": {
    "fedora": ">= 0.0.0",
    "redhat": ">= 0.0.0",
    "centos": ">= 0.0.0",
    "ubuntu": ">= 0.0.0",
    "debian": ">= 0.0.0",
    "amazon": ">= 0.0.0",
    "suse": ">= 0.0.0",
    "scientific": ">= 0.0.0",
    "mac_os_x": ">= 10.6.0"
  },
  "dependencies": {
  },
  "recommendations": {
  },
  "suggestions": {
  },
  "conflicting": {
  },
  "providing": {
  },
  "replacing": {
  },
  "attributes": {
  },
  "groupings": {
  },
  "recipes": {
    "build-essential": "Installs packages required for compiling C software from source."
  },
  "version": "1.2.0"
}